root,meaning,origin,sample_words
"hab-, -hib-, habit-, -hibit-",have,Latin,"ability, able, debenture, debile, debilitate, debility, debit, debitor, debt, debtor, devoir, disability, disable, disenable, disinhibit, disinhibition, due, duty, enable, enablement, endeavor, exhibit, exhibition, exhibitor, habeas corpus, habendum, habenula, habile, habilitate, hability, habit, habitable, habitance, habitant, habitat, habitation, habitator, habitual, habituate, habituation, habitude, habitudinal, inability, indubitable, inhabile, inhabit, inhabitable, inhabitant, inhabitation, inhibit, inhibition, inhibitory, nonhabitual, prebend, prebendary, prohibit, prohibition, prohibitive, prohibitory, provender, rehabilitant, rehabilitate, rehabilitation, rehabilitative, rehabilitator"
hadr-,thick,Greek,"Hadrocodium, Hadromys, hadron, Hadropithecus, hadrosaur, hadrosaurid"
"haem-, hem-",blood,Greek,"anaemia, anemia, haematemesis, haematopoiesis, haematuria, haemochromatosis, haemophilia, haemophobia, haemoptysis, haemorrhage, haemorrhoid, haemosiderosis, haemostatic, hematocrit, hematogenesis, hematoma, hematophagous, hematophagy, hematopoiesis, hematopoietic, hematuria, hemocoel, hemocyte, hemoglobin, hemoglobinuria, hemophagy, hemophilia, hemophiliac, hemoptysis, hemorrhage, hemorrhagic, hemorrhea, hemorrhoid, hemorrhoidectomy, hemosiderin, hemosiderosis, hemostat, hemotherapy, hyperaemia, hyperemia, hyphaema, hyphema, methemoglobin, methemoglobinemia, microhematuria, microhemorrhage, polycythaemia"
haere-,"choose, take",Greek,"aphaeresis, diaeresis, heresiarch, heresy, heretic, plasmapheresis, synaeresis, syneresis"
hal-,salt,Greek,"halide, halieutic, halite, halochromic, halochromism, halogen, halomancy, halophile, halophyte, oxohalide, thermohaline"
"hal-, -hel-",breathe,Latin,"anhelation, anhele, anhelous, exhalable, exhalant, exhalation, exhale, halitus, inhalable, inhalant, inhalation, inhale"
hapl-,"simple, single",Greek,"haplochromine, haplodiploid, haplodiploidy, haplography, haploid, haplology, haplont, haplontic, haplophase, haplopia, haplosis, haplotype"
"haur-, haust-",draw,Latin,"exhaust, exhaustible, exhaustion, exhaustive, hauriant, haurient, haustellate, haustellum, haustorium, haustrum, inexhaustible, nonexhaustive"
heb-,youth,Greek,"ephebeum, ephebia, ephebiatrics, ephebic, ephebiphobia, ephebophilia, ephebos, hebephilia, hebephobia, hebephrenia, hebetic, hebiatrics, hebophile, hebophilia"
hed- (ΕΔ),sit,Greek,"cathedra, chair, dodecahedron, dodecahemidodecahedron, endohedric, ephedra, exedra, hemipolyhedron, hexahedron, octahedron, pentahedroid, pentahedron, polyhedron, pyritohedron, rhombohedron, sanhedrin, synedrion, tetrahedroid, trapezohedron, trisoctahedron"
hed-,"pleasant, sweet",Greek,"anhedonia, anhedonic, hedonics, hedonism, hedonist, hedonistic, hedonology, hyphedonia"
heg-,lead,Greek,"diegesis, diegetic, eisegesis, exegesis, exegete, exegetic, hegemon, hegemonic, hegemony, hegumen, hypodiegetic, metadiegetic, protohegumen"
heli-,sun,Greek,"aphelion, heliocentric, heliocentrism, heliodor, heliograph, heliolatry, heliomania, heliometer, heliopause, Heliophila, heliophobia, heliophyte, Helios, helioscope, heliosphere, heliostat, heliotherapy, heliotrope, heliotropic, heliotropism, helium, parhelion, perihelion"
helic-,something twisted or spiral,Greek,"anthelix, antihelix, helicine, helicograph, helicoid, helicopter, helicospore, helix"
Hell-,"Greece, Hellas",Greek,"Helladic, Hellenic, Hellenism, Hellenistic"
helminth-,worm,Greek,"anthelmintic, antihelminthic, helminth, helminthic, helminthoid"
helot-,enslaved,Greek,"Helot, helotism, helotry"
hemer-,day,Greek,"Decameron, ephemeral, ephemeris, ephemeron, ephemerous, hemeralopia"
hemer-,tame,Greek,"hemeroby, hemerochora, hemerophile"
hemi-,half,Greek,"anhemitonic, hemiballismus, hemicryptophyte, hemicube, hemicycle, hemidesmosome, hemimelia, hemimetabolic, hemimetabolism, hemimetaboly, hemiparesis, hemiplegia, hemipolyhedron, hemisphere, hemitonic"
hen-,one,Greek,"enosis, enotikon, henad, hendiadys, henotheism, hyphen"
hendec-,eleven,Greek,"hendecagon, hendecagram, hendecagrammic, hendecane, hendecasyllabic, hendecasyllable hendecahedron"
hepat-,liver,Greek,"heparin, hepatic, hepatitis, hepatocyte, hepatology, hepatomancy, hepatoscopy, hepatotoxic, hepatotoxin, hepatotropic"
hept-,seven,Greek,"heptachord, heptagon, heptagram, heptagraph, heptahedron, heptamer, heptameric, heptameter, Heptateuch, heptathlete, heptathlon, heptatonic, heptode"
"her-, heir-",heir,Latin,"heir, heiress, hereditary, heredity, heritage, inherit"
"here-, hes-","cling, stick",Latin,"adhere, adherence, adherend, adherent, adhesion, adhesive, cohere, coherence, coherent, cohesion, cohesive, decoherence, hesitancy, hesitant, hesitate, hesitation, hesitator, incoherent, inhere, inherency, inherent, inhesion, nonadherence, nonadherent, nonadhesive"
herald-,"messenger, envoy",Latin,"herald, heraldic, heraldry"
herb-,grass,Latin,"herbal, herbicide, herbivore"
"heres-, heret-","choose, take",Greek,"heresy, heretic, heretical"
herm-,Hermes,Greek,"herm, hermaphrodite, hermetic"
hermeneu-,"interpret, explain",Greek,"hermeneutic, hermeneutics"
hero-,hero,Greek,"antihero, hero, heroic, heroine, heroism"
herp-,creep,Greek,"herpes, herpetology"
heter-,"different, other",Greek,"heterochromatin, heterodox, heterodoxy, heterogeneity, heterogeneous, heterophobia, heterosexuality, heterosexual, heterosis, heterotic"
heur-,find,Greek,"eureka, heuristic, metaheuristic"
hex-,six,Greek,"hexachord, hexad, hexadic, hexagon, hexagram, hexahedron, hexamer, hexamerous, hexameter, hexapod, hexastyle, hexasyllabic, Hexateuch, hexatonic, hexode, tetrahemihexahedron"
hi-,gape,Latin,"dehisce, dehiscence, dehiscent, hiatal, hiatus, indehiscence, indehiscent, inhiation"
hibern-,wintry,Latin,"hibernacle, hibernaculum, hibernal, hibernate, hibernation, hibernator"
hidrot-,sweat,Greek,"anhidrosis, dyshidrosis, dyshidrotic, hematidrosis, hidrocystoma, hidropoiesis, hidroschesis, hidrosis, hidrotic, hyperhidrosis, hypohidrosis"
hiem-,winter,Latin,hiemal
hier-,"holy, sacred",Greek,"hierarch, hierarchy, hieratic, hierocracy, hierodeacon, hieroglyph, hieroglyphic, hierogram, hierolatry, hieromonk, hierurgy"
hipp-,horse,Greek,"ephippium, hippeis, hippocampus, hippodrome, hippology, Hippolyte, hippomancy, hippophagy, hippophile, hippophobia, hippopotamus, parahippocampus"
hirsut-,hairy,Latin,"hirsute, hirsutulous"
hispid-,bristly,Latin,"hispidity, hispidulous"
histri-,actor,Latin,histrionic
hod-,way,Greek,"anode, cathode, diode, electrode, episode, ergodic, exodos, exodus, heptode, herpolhode, hodograph, hodology,"
hol-,whole,Greek,"catholic, holiatry, holism, holistic, holography, holomorphic, holonomy"
hom-,same,Greek,"homiletic, homily, homogeneous, homograph, homologous, homology, homomorphism, homonym, homophobia, homophone, homosexual, homozygous"
homal-,"even, flat",Greek,"anomalous, anomaly"
homin-,human,Latin,"ad hominem, bonhomie, homage, hombre, homicide, hominid, homuncular, homunculus, human, humane, humanitarian, humanity, inhuman, inhumane, inhumanity, Nemo, nonhuman, omber, ombre, prehuman, subhuman, superhuman, transhuman"
"homoe-, home-","like, similar",Greek,"homeomorphism, homeopathy, homeostasis, homeothermy, homoeopathy, homoiotherm, homoiothermic"
honor-,esteem,Latin,"dishonor, dishonorable, honorable, honorand, honorarium, honorary, honoree, honorific"
hor-,boundary,Greek,"aorist, aphorism, aphorismus, aphorize, diorite, horizon, horopter, horotelic"
hor-,hour,Greek,"horologist, horology, horometry, horoscope"
horm-,that which excites,Greek,"horme, hormephobia, hormesis, hormetic, hormic, hormone"
hort-,garden,Latin,"antecourt, cohort, cortege, court, courteous, courtesan, courtesy, courtier, curtain, curtilage, Curtis, discourteous, discourtesy, frontcourt, horticultural, horticulture"
hospit-,host,Latin,"co-host, hospice, hospitable, hospital, hospitality, host, hostal, hostel, hosteler, hostler, hotel, hotelier, inhospitable, inhospitality"
host-,enemy,Latin,"host, hostile, hostility"
hum-,ground,Latin,"disinhume, exhumation, exhume, humate, humation, humble, humic, humicolous, humiliate, humiliation, humility, humus, inhumation, inhume"
hyal-,glass,Greek,"hyaline, hyaloid"
hybr-,wantonness,Greek,"hubris, hubristic, hybris, hybristic"
hydn-,truffle,Greek,"hydnoid, Hydnum"
hydr-,water,Greek,"clepsydra, dehydrate, hydathode, hydatid, hydatidosis, hydra, hydrant, hydrate, hydraulic, hydraulics, hydrochloric, hydrodynamics, hydroelectric, hydrogen, hydrologist, hydrology, hydrolysis, hydromancy, hydrophile, hydrophilic, hydrophily, hydrophobia, hydrophobic, hydroponic, hydrosphere, hydrostat, hydrostatic, hydrothermic, hydrous, hydrozoa, polyhydric"
hygie-,healthy,Greek,"Hygieia, hygiene, hygienic, hygienics, hygienist"
hygr-,wet,Greek,"hygric, hygroma, hygrometer"
hymen-,skin or membrane,Greek,"hymen, hymenium, hymenomycete, hymenophore, hymenoplasty, Hymenoptera, hymenorrhaphy, hymenotomy"
hyo-,U-shaped,Greek,"hyoid, hyostyly"
"hyp-, hypo-","under , below",Greek,"hyphen, hypoallergenic, hypodermic, hypogene, hypothermia, hypothesis, hypotonic, hypoxemia, hypoxia"
hyper-,"above, over",Greek,"hyper, hyperbaric, hyperbola, hyperbole, Hyperion, hyperlink, hyperoxia, hyperpyrexia, hyperthermia, hypertonic"
hyph-,weave,Greek,"hypha, hyphomycete, hyphopodium"
hypn-,sleep,Greek,"hypnagogia, hypnagogic, hypnolepsy, hypnophobia, hypnopompia, hypnopompic, hypnosis, hypnotherapy, hypnotic, hypnotist, hypnotize"
hyps-,height,Greek,"hypsography, hypsometer, hypsophobia"
hys-,hog,Greek,"hyena, hyenoid"
hyster-,womb,Greek,"hysteralgia, hysteratresia, hysterectomy, hysteria, hysteric, hysterosalpingography"
hyster-,later,Greek,"hysteresis, hysteretic, hysteron proteron"
i-,go,Greek,"anion, anionic, cation, cationic, ion, ionic, ionize, polyanion, polycation"
iatr-,heal,Greek,"iatrogenic, physiatry, podiatrist, podiatry, psychiatrist, psychiatry"
ichthy-,fish,Greek,"ichthyology, Ichthyophaga, ichthyophobia, ichthyoplankton, ichthyosis; (spelt icthy-) Icthyophaga"
icos-,twenty,Greek,"hemi-icosahedron, icosagon, icosahedron"
icter-,jaundice,Greek,"icteric, icterogenic, icterohemorrhagic, icterohepatitis, icteroid, icterus"
id- (ϜΙΔ),"shape, form, picture",Greek,"eidetic, eidolon, eidos, idol, idolater, idolatry, idyll, idyllic, idyllist, pareidolia"
ide-,"idea, thought",Greek,"ideogram, ideologue, ideology"
idi-,"own, peculiarity",Greek,"idiolect, idiom, idiopathic, idiopathy, idiophone, idiosyncrasy, idiosyncratic, idiot, idiotic"
ign-,fire,Latin,"igneous, ignite, ignition"
ignorare-,"not to know, to be unacquainted; mistake, misunderstand",Latin,"ignore, ignorant, ignorance"
imagin-,copy,Latin,"image, imagine"
imbr-,heavy rain,Latin,"ignimbrite, imbrex, imbricate, imbrication, imbriferous"
in-,sinew,Greek,"inion, inotrope, inotropic"
"in- (1), il-, im-","in, on",Latin,"illuminate, import, incur, intend, invite"
"in- (2), il-, im-, ir-","not, un- (negation)",Latin,"illicit, impossible, inimical, insane, irrational"
inan-,"empty, vain",Latin,"inane, inanition, inanity"
infra-,"below, under",Latin,"infrared, infrastructure"
insul-,island,Latin,"insular, insulation"
integr-,"whole, complete",Latin,"integrate, integration, integer, integrational, disintegrate, integral, unintegrated"
inter-,"among, between",Latin,"intercollegiate, intermission, intersection"
intra-,"inside , within",Latin,"intramural, intravenous"
iota-,"I, i",Greek,iotacism
"irasc-, irat-",be angry,Latin,"irascible, irate, ire"
irid-,rainbow,Latin,iridescent
"is-, iso-","equal, same",Greek,"isogloss, isograph, isometric, isomorphic, isosceles, isotonic, isotropic"
-itis,inflammation,Greek,"appendicitis, diverticulitis, arthritis, tonsillitis, dermatitis, iritis, carditis, gastritis, colitis, cystitis"
ischi-,hip joint,Greek,"ischiadic, ischium, sciatic, sciatica"
iter-,again,Latin,iteration
itiner-,journey,Latin,itinerary
jac-,lie,Latin,"adjacency, adjacent, circumjacency, circumjacent, ease, easy, interjacent, interjoist, joist, nonadjacent, subjacent, superjacent"
"jac-, - ject-","cast, throw",Latin,"abject, adjectival, adjective, conjectural, conjecture, deject, dejection, disject, disjection, ejaculate, ejaculation, ejaculatory, eject, ejecta, ejection, ejective, ejectment, ejector, inject, injection, injective, injector, interject, interjection, interjectional, interjector, interjectory, introject, introjection, introjective, jactation, jactitation, jaculate, jaculation, jaculator, jaculatory, jaculiferous, jet, jetsam, jettison, nonobjective, object, objectification, objection, objectionable, objective, objectivity, objector, parget, project, projectile, projection, projective, projector, reject, rejectamenta, rejection, subject, subjection, subjective, subjectivity, subjicible, surjection, surjective, traject, trajectile, trajection, trajectory, trijet"
janu-,door,Latin,"janitor, January, janus words, Janus"
joc-,jest,Latin,"jewel, jewelry, jocose, jocosity, jocular, jocularity, joke, jongleur, juggle, injucundity, jocund, jocundity"
journ-,"pertaining to the day, daily",Latin,"adjourn, journal, journalist, journey, journeyman, sojourn"
jub-,"joyful, happy",Greek and Latin,"jubilance, jubilant, jubilation, jubate, jubilee"
judic-,judge,Latin,"adjudicate, adjudication, adjudicative, adjudicator, adjudicatory, extrajudicial, injudicious, judge, judgement, judgment, judgmental, judicable, judicative, judicator, judicatory, judicature, judicial, judiciary, judicious, nonjudgmental, nonjudicial, prejudge, prejudgment, prejudice, prejudicial, quasijudicial"
jug-,yoke,Latin,"conjugal, subjugate"
"jung-, junct-",join,Latin,"adjoin, adjoint, adjunct, adjunction, adjunctive, conjoin, conjoint, conjunct, conjunction, conjunctive, disjoin, disjoint, disjunct, disjunction, disjunctive, enjoin, enjoinder, enjoinment, injunction, injunctive, join, junction, juncture, junta, junto, nondisjunction, nonjoinder, rejoin, rejoinder, sejoin, sejungible, subjoin, subjoinder, subjunctive, surrejoinder"
junior-,younger,Latin,"junior, juniority"
"jus-, jur-","law, justice",Latin,"abjure, jurisprudence, jury, just, justice, objurgate, perjury"
"juv-, jut-",help,Latin,"adjument, adjutant, adjutor, adjutory, adjutrix, coadjutant, coadjutor"
juven-,"young, youth",Latin,"juvenile, rejuvenate"
juxta-,"beside, near",Latin,juxtaposition
-kary-,nut,Greek,"Eukaryote, Prokaryote"
kastan-,brown,Greek,Kastanophobia
kilo-,thousand,Greek,"kilobyte, kilogram, kilometer, kiloliter"
"kine-, cine-","movement, motion",Greek,"akinesia, akinesis, akinete, akinetic, cinema, cinematic, diakinesis, dyskinesia, dyskinetic, hyperkinesia, hyperkinesis, hyperkinetic, hypokinesia, hypokinesis, hypokinetic, kinematics, kinescope, kinesiologist, kinesiology, kinesis, kinesthetic, kinetic, kineticism, kinetics, kinetochore, kinetophobia, photokinesis, telekinesis"
klept-,steal,Greek,"kleptocracy, kleptomania, kleptophobia, kleptoplasty"
ktet-,"possession, ownership",Greek,"ktetic, ktetor"
kudo-,glory,Greek,kudos
"lab-, lep-","grasp, seize, take",Greek,"analemma, analemmatic, analeptic, catalepsy, cataleptic, dilemma, dilemmatic, epilepsy, epileptic, hypnolepsy, hysteroepilepsy, metalepsis, narcolepsy, nympholepsy, octosyllabic, procatalepsis, prolepsis, proleptic, proslepsis, syllabic, syllabism, syllable, syllabogram, syllepsis, trisyllabic, trisyllable"
"lab-, laps-","slide, slip",Latin,"collapse, collapsible, elapse, labile, lapse, prolapse, relapse"
labi-,lip,Latin,"bilabial, bilabiate, infralabial, labial, labiate, labium, sublabial, supralabial"
labor-,work,Latin,"collaborate, collaboration, collaborative, collaborator, elaborate, elaboration, elaborative, elaborator, labor, laboratory, laborious"
lacer-,tear,Latin,laceration
lacrim-,"cry, tears",Latin,"lachrymal, lachrymose, lachrymosity, lacrimal, lacrimation, lacrimator, lacrimatory, lacrimous"
lact-,milk,Latin,"ablactate, ablactation, lactary, lactase, lactate, lactation, lactational, lacteal, lacteous, lactescent, lactic, lactose, laitance, latte"
lag-,hare,Greek,"lagomorph, Sylvilagus"
lamin-,"layer, slice",Latin,"bilamellate, bilaminar, lame, lamé, lamella, lamellar, lamellate, laminate, lamination, laminose, laminous, multilaminar, omelet, omelette, trilaminar, unilaminar"
lamp-,"shine, torch",Greek,"lamp, lamprid, Lampris"
lapid-,stone,Latin,"dilapidate, dilapidation, lapidarian, lapidary, lapidate, lapidation, lapidator, lapideous, lapidescence, lapidescent, lapidicolous, lapidification, lapillation, lapilli"
larg-,large,Latin,"allargando, enlarge, enlargement, largamente, largando, large, largess, largesse, largition, largo"
larv-,"ghost, mask",Latin,"larva, larvae, larval"
lat-,"broad, wide",Latin,"laticlave, latifoliate, latifundium, latitude, latitudinal, latitudinarian, latitudinous"
later-,side,Latin,"ambilateral, ambilaterality, bilateral, bilaterality, collateral, contralateral, equilateral, extralateral, inequilateral, ipsilateral, lateral, laterality, matrilateral, multilateral, nonlateral, patrilateral, plurilateral, quadrilateral, semilatus, septilateral, trilateral, unilateral"
"laud-, laus-",praise,Latin,"laud, laudable, laudanum, laudation, Lauds, summa cum laude"
lav-,wash,Latin,"launder, laundry, lava, lavation, lavatory, lave, lavender, lavish, lotion"
lax-,"not tense, slack",Latin,"delay, disrelish, laches, lax, laxation, laxative, laxity, leasable, lease, relax, relaxant, relaxation, relay, release, relish, sublease"
lecith-,egg yolk,Greek,lecithin
"led-, les-, -lid-, -lis-","hurt, strike",Latin,"allision, collide, collision, elide, elidible, elision, illesive, lesion"
leg-,say,Greek,"alexia, alexithymia, apologetic, apologia, apology, dialect, dialectic, dialectologist, dialectology, dialog, dialogue, dyslexia, dyslexic, dyslogia, dyslogism, ethnolect, legomenon, lexeme, lexicography, lexicology, lexicon, lexigram, lexis, logic, logion, logos, prolegomenon"
"leg-, lect-","choose, gather, read",Latin,"coil, colleague, collect, collectible, collection, collective, collector, college, collegial, collegiality, collegian, collegiate, collegium, counterintelligence, cull, deselect, diligence, diligent, elect, electability, electable, electee, election, elective, elector, electoral, electorate, eligibility, eligible, elite, illegibility, illegible, ineligibility, ineligible, intellect, intellection, intellectual, intellectuality, intelligence, intelligent, intelligentsia, intercollegiate, lectern, lectin, lection, lectionary, lector, lectorate, lecture, legend, legendary, legendry, legibility, legible, legion, legionary, legionnaire, legume, leguminous, lesson, neglect, negligee, negligence, negligent, negligible, nonelective, nonelite, nonnegligible, nonselective, postelection, predilect, predilection, preelection, prelect, prelection, prelector, preselect, recollect, recollection, reelect, reelection, religion, reselect, sacrilege, select, selectance, selectee, selection, selective, selectivity, selector, superselection, uniselector"
leg-,law,Latin,"allege, disloyal, disloyalty, extralegal, illegal, legal, legality, legific, legislate, legislation, legislative, legislator, legislature, legitim, legitimacy, legitimate, loyal, loyalty, nonlegal, privilege"
leg-,send,Latin,"allegation, delegable, delegacy, delegate, delegatee, delegation, delegator, delegatory, league, legacy, legatary, legate, legatee, legatine, legation, legato, nondelegate, relegate, relegation, superdelegate"
lei-,smooth,Greek,leiomyoma
"lekan-, lanx-, lanc-","dish, pot",Greek/Latin,"balance, lekane, phalanx, valance"
leni-,gentle,Latin,"leniency, lenient, leniment, lenis, lenition, lenitive, lenitude, lenity"
leon-,lion,Latin,"dandelion, Leo, leonine, Leopold"
lep-,"flake, peel, scale",Greek,"antilepton, lepidolite, Lepidoptera, Lepidorhombus, lepidote, lepidotrichia, leprosy"
lepto-,"small, fine, thin",Greek,"leptocyte, leptogenesis, Leptomonas, lepton, leptophyllous"
"leuc-, leuk-",white,Greek,"aleukemia, aleukocytosis, leucism, leucocyte, leucopenia, leucoplast, leukemia, leukocytopenia, leukopenia, leucophore"
lev-,"lift, light, raise",Latin,"alleviate, alleviation, bas-relief, counter-relief, deleverage, elevate, elevation, elevator, leaven, legerity, levade, Levant, levee, lever, leverage, leviable, levitate, levitation, levity, levy, relevé, relief, relieve, sublevation, superelevation"
liber-,free,Latin,"deliver, deliverance, illiberal, illiberality, liberal, liberality, liberalize, liberate, liberation, liberator, libertarian, liberticide, libertinage, libertine, liberty, ultraliberal"
libr-,book,Latin,"interlibrary, libel, libellant, libellee, libellous, librarian, library, libretto"
lig-,bind,Latin,"ligament, ligature"
limac-,slug,Latin,"limacine, limacoid, limacon, Limax"
limpa-,"clear, water",Latin,"limpid, limpidity, lymph"
line-,line,Latin,"align, alignment, ambilineal, ambilineality, bilinear, collinear, collinearity, collineation, curvilinear, curvilinearity, delineate, delineation, delineavit, line, linea, lineage, lineal, lineament, linear, linearity, lineate, lineation, matrilineal, multicollinearity, multilinear, nonalignment, noncollinear, nonlineal, nonlinear, nonlinearity, quasilinear, realign, realignment, rectilinear, rectilinearity, sesquilinear, sublineage, sublinear, supralinear, trilinear, unilinear"
line-,"smear, smudge",Latin,"delete, deletion, indelible, liniment"
lingu-,"language, tongue",Latin,"bilingual, bilinguality, bilinguous, collingual, elinguation, interlanguage, language, ligula, ligular, ligule, lingua franca, lingual, linguiform, linguine, multilingual, prelingual, quadrilingual, sublingual, trilingual"
"linqu-, lict-",leave,Latin,"relict, relinquish"
lip-,fat,Greek,"lipolysis, lipophile, lipophilic, lipopolysaccharide, lipoprotein, synaloepha"
liqu-,flow,Latin,"deliquesce, liquefy, liqueur, liquid, liquor, prolix"
lit-,"prayer, supplication",Greek,litany
liter-,letter,Latin,"alliteration, alliterative, biliteral, biliterate, illiteracy, illiterate, literacy, literal, literary, literate, literati, literatim, literation, literator, literature,"
lith-,stone,Greek,"aerolithology, endolith, endolithic, epilithic, lithagogue, lithic, lithography, lithology, lithophile, lithophone, lithophyte, lithosphere, lithotomy, megalith, Mesolithic, microlite, monolith, monolithic, Neolithic, Paleolithic, photolithography, phytolith, regolith, stylolite"
loc-,place,Latin,"accouchement, allocate, bilocation, bilocular, cislocative, collocation, couch, couchant, dislocate, dislocation, interlocal, lieu, local, locale, locality, locate, location, locative, locator, locomotion, loculament, locular, locule, loculose, loculus, locus, milieu, multilocal, multilocation, multilocular, nonlocal, relocate, relocation, translocate, translocation, translocative, trilocular, unilocular"
"log-, - logy","word, reason, speech, thought",Greek,"analogy, anthology, apology, biology, dialogue doxology, ecology, epilogue, etymology, eulogy, geology, ideologue, logarithm, logic, logogram, logopaedics, logophile, logotherapy, meteorology, monologue, morphological, neologism, neurology, philology, prologue, psychology, tautology, terminology, theology, toxicology, trilogy, zoology"
long-,long,Latin,"allonge, elongate, elongation, longa, longanimity, longe, longeron, longinquity, longitude, longitudinal, longum, lunge, lungo, oblong, prolong, prolongation, purloin"
"loqu-, locut-",speak,Latin,"allocution, circumlocution, colloquial, colloquy, elocution, eloquent, eloquence, grandiloquent, interlocution, loquacious, loquacity, magniloquent, obloquy, soliloquy"
luc-,"bright, light",Latin,"elucidate, elucidation, elucubrate, elucubration, lucent, lucid, lucidity, Lucifer (bearer of light), luciferase, luciferin, luciferous, lucifugal, lucubrate, lucubration, luculent, noctilucent, pellucid, pellucidity, relucent, semipellucid, translucency, translucent, translucid, translucidus"
"lud-, lus-",play,Latin,"allude, collude, delude, elude, elusive, elusory, illude, illusion, ludicrous, lusory, prelude"
lumin-,light,Latin,"dislimn, enlumine, illuminable, illuminance, illuminant, illuminate, illuminati, illumination, illumine, intraluminal, limn, lumen, luminaire, luminal, luminance, luminant, luminaria, luminary, lumine, luminescence, luminescent, luminiferous, luminosity, luminous, relumine, subluminal, subluminous, superluminal, transluminal"
"lu-, luv-, lut-",wash,Latin,"abluent, ablution, alluvium, colluvium, deluge, depollute, diluent, dilute, dilution, dilutive, diluvial, diluvian, diluvium, elute, elution, eluvial, elluviation, eluvium, illuviation, illuvium, lutaceous, lutite, pollution"
lun-,moon,Latin,"circumlunar, cislunar, demilune, luna, lunar, lunate, lunatic, lunation, lune, lunette, luniform, lunisolar, mezzaluna, mezzelune, plenilunary,"
lut-,"yellow, golden",Latin,"corpus luteum, luteal, lutein, luteinizing hormone, luteous"
"ly-, lysi-, lyt-",dissolving,Greek,"analyse, analysis, analytic, aparalytic, autolysis, catalyse, catalysis, catalyst, catalytic, cytolysis, dialysis, electrolysis, electrolyte, electrolytic, Hippolyte, hydrolysis, hydrolyte, hydrolytic, lysigeny, lysine, lysis, lysosome, lytic, meta- analysis, palsy, paralyse, paralysis, paralytic, plasmolysis, proteolysis"
lyc-,wolf,Greek,"Lycaon, lycanthropy, lycopersicon, lycoris"
macer-,lean,Latin,"emaciate, macerate, meager"
macr-,long,Greek,"macron, macrocosm, macroinstruction"
magn-,"great, large",Latin,"magnanimity, magnanimous, magnate, magnificent, magnify, magnitude, magnum"
magnet-,lodestone,Greek,"bioelectromagnetism, biomagnetism, diamagnetic, diamagnetism, electromagnet, geomagnetic, magnesium, magnet, magnetic, magnetism, magnetite, magnetize, magnetobiology, magnetologist, magnetometer, magnetosome, manganese, paramagnetic, paramagnetism"
maj-,greater,Latin,"majesty, major, majority, majuscule, mayor, semimajor, supermajority"
mal-,"bad, wretched",Latin,"dismal, grand mal, malady, malaise, malediction, malefaction, malevolent, malfeasance, malfunction, malice, malicious, malignancy, malnourished, malodorous, premalignant"
mamm-,breast,Latin,"mammal, mammary, mammography"
"man-, mant- (ΜΑΝ)",crazy,Greek,"hypermania, hypomania, kleptomania, mania, maniac, manic, megalomania, monomania, pyromania, pyromaniac"
man-,flow,Latin,"emanant, emanate, emanation, immanant, immanation"
man- (MAN-),stay,Latin,"immanence, immanent, impermanence, impermanent, maisonette, manor, manorial, manse, mansion, ménage, menagerie, menial, meiny, messuage, nonpermanence, nonpermanent, permanence, permanent, quasipermanent, remain, remainder, remanence, remanent, remnant, semipermanent"
"man-, manu-",hand,Latin,"adminicle, amanuensis, Bimana, bimanous, bimanual, emancipate, mainour, maintain, manacle, manage, manageable, management, managerial, mandamus, mandate, manège, maneuver, manicure, manifer, manifest, manifestation, manifesto, maniform, maniple, manipulation, manipulative, maniraptoran, maniraptoriform, manner, mansuetude, manual, manuary, manubrial, manubrium, manuduction, manufacture, manumission, manumit,"
"mand-, -mend-","order, commit",Latin,"command, commandant, commandment, commend, commendable, commendam, commendation, commendatory, counterdemand, countermand, demand, demandant, encomienda, mandamus, mandatary, mandate, mandator, mandatory, recommend, recommendation, remand, remandment"
mar-,sea,Latin,"maar, mariculture, marina, marinade, marinara, marinate, marination, marine, mariner, maritime, submarine, ultramarine"
mas-,"male, man",Latin,"emasculate, emasculation, emasculator, masculate, masculine, masculinity"
"mater-, matr-",mother,Latin,"maternal, maternity, matrimony, matrix, matron"
maxim-,greatest,Latin,"maxim, maximal, maximum, submaximal"
mechan-,machine or instrument,Greek,"machine, mechane, mechanics, mechanism, mechanize, mechanobiology, mechanophilia, mechanophobia"
"medi-, -midi-",middle,Latin,"dimidiation, immediate, intermediary, mean, media, median, mediate, mediation, medieval, mediocre, Mediterranean, medium, moiety, multimedia, postmeridian, submediant"
"meg-, megal-","great, large",Greek,"acromegaly, Megacles, megacycle, megalomania, megalopolis, megaphone"
mei-,less,Greek,"ameiosis, ameiotic, meiobenthos, meiosis, meiotic"
melan-,"black, dark",Greek,"amelanism, aphaeomelanism, eumelanin, hypermelanic, melancholic, melancholy, Melanesia, melanin, melanism, melanoblastoma, melanocyte, melanoma, melanophobia, melanophore, melanosis, melatonin, neuromelanin, pheomelanin"
melior-,better,Latin,"ameliorate, amelioration, meliorism"
meliss-,bee,Greek,melissophobia
mell-,honey,Latin,"melliferous, mellific, mellifluence, mellifluent, mellifluous, melliloquent, mellivorous"
memor-,remember,Latin,"commemorate, immemorial, memoir, memorabilia, memorable, memorandum, memorial, memory, remembrance"
men-,month,Greek,"menopause, menorrhea"
mening-,membrane,Greek,"leptomeninges, meninges, meningioma, meningitis, meninx"
mend-,"defect, fault",Latin,"amend, amendment, emend, mendacious, mendacity"
menstru-,monthly,Latin,"menstrual, menstruation"
mensur-,measure,Latin,"commensurable, commensurate, dimension, immense, incommensurable, incommensurate, measure"
ment-,mind,Latin,"comment, dement, dementia, memento, mental, mentality, mention, reminisce, reminiscence"
mer-,part,Greek,"antimere, antimeria, biopolymer, decamer, decamerous, dimer, dimeric, dimerism, dimerous, enantiomer, enneamer, heptamer, heterodimer, heterotetramer, hexamer, homodimer, homotetramer, isomer, isomeric, isomerism, mereology, merisis, merism, meristem, meristematic, meristic, meromorphic, metamere, metamerism, Moirai, monomer, monomeric, octamer, oligomer, oligomeric, pentamer, pentamerous, photopolymer, phytomer, polymer, tautomerism, telomer, telomere, tetramer, tetrameric, trimer, trimerize"
merc-,"reward, wages, hire",Latin,"amercement, commerce, commercial, market, mercantile, mercenary, mercery, merchandise, merchant, mercy, noncommercial"
"merge-, mers-","dip, plunge",Latin,"demerge, demersal, demerse, demersion, emerge, emergence, emergency, emergent, emersion, immerge, immergence, immerse, immersible, immersion, immersive, merge, reemerge, reemergence, reimmerse, submerge, submergence, submerse, submersible, submersion"
mes-,middle,Greek,"Mesolithic, mesophile, mesophilic, mesoscopic, mesosphere, mesozoic"
"met-, meta-","above, among, beyond",Greek,"metabolism, metalogic, metamorphic, metamorphosis, metaphase, metaphor, metaphysics, metastatic, meteor, method"
metall-,mine,Greek,"dimetallic, electrometallurgy, hydrometallurgy, metallic, metalloid, metallophobia, metallophone, metallurgist, metallurgy, organometallic, polymetal, polymetallic, pyrometallurgy, tetrametallic, trimetallic"
"meter-, metr-",measure,Greek,"anemometer, anemometric, antisymmetric, antisymmetry, asymmetric, asymmetry, axonometric, barometer, barometric, bathometer, chronometer, diameter, diametric, dysmetria, graphometer, hexameter, hygrometer, hygrometry, isodiametric, isometric, isoperimetric, meter, metre, metric, metrology, metronome, monosymmetric, parameter, parameterize, parametric, parametrize, pentameter,"
metr-,mother,Greek,"haplometrosis, metrocyte, metropolis, pleometrosis"
mic-,grain,Latin,"mica, micelle"
micr-,small,Greek,"microbe, microcode, microcosm, microeconomics, micrometer, microphone, microscope, microscopic"
migr-,wander,Latin,"countermigration, emigrant, emigrate, emigration, émigré, immigrant, immigrate, immigration, migrant, migrate, migration, migrational, migratory, nonmigratory, remigrant, remigrate, remigration, transmigrant, transmigrate, transmigration, transmigratory"
milit-,soldier,Latin,"militant, military, militia"
mill-,thousand,Latin,"mile, millennium, million"
millen-,thousand each,Latin,"millenarian, millenary"
mim-,repeat,Greek,"mime, mimeograph, mimesis, mimetic, mimic, necromimesis, pantomime, phenomime, psychomime, psychomimetic"
min-,jut,Latin,"eminence, eminent, imminence, imminent, preeminence, preeminent, prominence, prominent, promontory, supereminence, supereminent"
min-,"less, smaller",Latin,"administer, administration, administrative, administrator, administratrix, maladminister, maladministration, minestrone, minister, ministerial, ministerialis, ministerium, ministrant, ministrate, ministration, ministrative, ministry, minor, minority, minstrel, minstrelsy, minus, minuscule, quasiminuscule, semiminor"
mina-,lead,Latin,"amenable, demeanor, promenade"
mina-,threaten,Latin,"menace, minatory"
minth-,mint,Greek,"Acanthomintha, Mentha, menthol, mint, Minthostachys"
mir-,"wonder, amazement",Latin,"admirability, admirable, admiration, admirative, admire, marvel, marvelous, miracle, miraculous, mirage, Miranda, mirative, mirativity, mirror"
mis-,hate,Greek,"misandrist, misandry, misanthrope, misanthropy, misocainea, misogamist, misogamy, misogynist, misogyny, misoneism, misopaedia, misophonia, misotheism"
"misc-, mixt-",mix,Latin,"admix, admixtion, admixture, commix, commixture, immiscibility, immiscible, immix, immixture, intermix, intermixture, maslin, meddle, mestizo, Métis, miscellanea, miscellaneous, miscellany, miscibility, miscible, mix, mixture, permiscible, permix, permixtion, postmix, premix, promiscuity, promiscuous, remix"
miser-,"unhappy, wretched",Latin,"commiserate, commiseration, immiserate, immiseration, miser, miserable, misericord, misery"
"mit-, miss- (MIT-)",send,Latin,"admissibility, admissible, admission, admissive, admit, admittatur, admittee, commissar, commissariat, commissary, commission, commissive, commissural, commissure, commit, commitment, committal, committee, compromis, compromise, compromissary, decommission, decommit, decommitment, demise, demiss, demit, dimissory, dimit, dismiss, dismissal, dismissive, emissary, emission, emissitious, emissive, emissivity, emit, emittent, entremet, fideicommissary, fideicommissum, impermissible, inadmissibility, inadmissible, intermission, intermittent, intromissible, intromission, intromissive, intromit, intromittent, manumission, manumit, mess, message, messenger, missile, mission, missionary, missive, mittimus, noncommittal, omissible, omission, omissive, omit, permissible, permission, permissive, permissory, permit, permittee, premise, premiss, premit, pretermission, pretermit, promise, promisee, promissive, promissory, readmission, readmit, recommit, remise, remiss, remissible, remission, remissive, remissory, remit, remittal, remittance, remittee, remittence, remittent, remittitur, resubmit, retransmission, retransmit, subcommittee, submission, submissive, submit, surmise, transmissibility, transmissible, transmission, transmissive, transmit, transmittal"
mit-,thread,Greek,"mitochondrion, mitosis, mitospore"
mn-,,Greek,"mina, mna"
mne-,memory,Greek,"amnesia, amnesty, anamnesis, anamnestic, dysmnesia, Mneme, mneme, mnemonic"
mod-,"measure, change",Latin,"accommodate, accommodation, accommodative, accommodator, bimodal, bimodality, bimodular, bimodule, commode, commodification, commodious, commodity, decommodification, demodulate, demodulation, demodulator, immodest, immodesty, intermodal, intermodulation, modal, modality, mode, model, moderate, moderation, moderato, moderator, modern, modernity, modest, modesty, modicum, modification, modify, modiolus, modular, modularity, modulate, modulation, modulator, module, modulo, modulus, multimodal,"
mol-,grind,Latin,"demolition, molar"
moll-,soft,Latin,"emollience, emollient, moil, mollescence, mollescent, mollient, mollification, mollify, mollitude, mollusc, molluscicide, molluscivore, mollusk"
mon-,"alone, only",Greek,"monachism, monad, monadic, monarchy, monastery, monastic, monasticism, monatomic, monism, monist, monk, monoid, monolith, monometer, monopod, monopoly, monopsony, monotone"
mon-,warn,Latin,"admonish, admonishment, admonition, admonitor, admonitory, monition, monitor, monitory, monument, monumental, premonition, premonitory, resummon, summon"
monil-,string of beads,Latin,"monilifer, moniliform, Moniliformida"
monstra-,show,Latin,"counterdemonstration, counterdemonstrator, demonstrable, demonstrant, demonstrate, demonstration, demonstrative, demonstrator, demonstratory, indemonstrable, monster, monstrance, monstration, monstrosity, monstrous, muster, premonstrant, premonstrate, Premonstratensian, premonstration, premonstrator, remonstrance, remonstrant, remonstrate, remonstration, remonstrative"
mont-,mountain,Latin,"amount, Belmont, cismontane, dismount, insurmountable, intermontane, montage, montan, Montana, montane, montant, monticello, monticule, montiform, montigenous, mount, mountaineer, mountainous, nonremontant, paramount, piedmont, remontancy, remontant, remontoire, remount, submontane, surmount, surmountable, tantamount, tramontana, tramontane, transmontane, ultramontane, Vermont"
mor-,"foolish, dull",Greek,"moron, moronic, oxymoron, oxymoronic, sophomore, sophomoric"
mor-,"pause, delay",Latin,"demur, demure, demurrable, demurrage, demurral, demurrer, mora, moratorium, remora, remorate"
mor-,"custom, disposition",Latin,"immoral, immorality, moral, morale, morality, mores, morigerous, morose, morosity"
mord-,bite,Latin,"mordacious, mordacity, mordancy, mordant, mordent, mordente, mordicancy, mordicant, mordication, mordicative, morsel, morsitation, premorse, remorse"
morph-,"form, shape",Greek,"allomorph, amorphous, anamorph, anamorphic, anamorphism, anamorphosis, anthropomorphism, apomorphy, autapomorphy, automorphism, catamorphism, dimorphic, dimorphism, dysmorphic, dysmorphophobia, ectomorph, ectomorphic, enantiomorph, enantiomorphic, endomorph, endomorphic, epimorphism, geomorphology, hemimorphic, holomorph, holomorphic, holomorphism, homeomorphic, homeomorphism, homomorphic, homomorphism, hylomorphism, hypermorphosis, isomorphic, isomorphism, mesomorph, mesomorphic, metamorphic, metamorphism, metamorphosis, monomorphic, monomorphism, morpheme, Morpheus, morphine, morphology, morphosyntactic, morphosyntax, paramorph, peramorphism, peramorphosis, perimorph, plesiomorphy, polymorphic, polymorphism, pseudomorph, synapomorphy, teleomorph, teleomorphic, theriomorphic, trimorphic, trimorphism, zoomorph, zoomorphism"
mort-,death,Latin,"antemortem, immortal, immortality, mortal, mortality, mortician, mortiferous, mortification, mortuary"
"mov-, mot-, mut-","move, motion",Latin,"admove, amotion, amove, bimotor, cocommutator, commotion, commove, commutable, commutation, commutative, commutativity, commutator, commute, countermotion, countermove, countermovement, demote, demotion, emotion, emotional, emotive, emotivity, emove, equimomental, immobile, immutable, immutation, immute, incommutable, locomotion, locomotive, mobile, mobility, molt, moment, momental, momentaneous, momentary, momentous, momentum, motation, motif, motile, motility, motion, motional, motivate, motivation, motivational, motivator, motive, motor, moult, movant, move, movement, movent, mutability, mutable, mutate, mutation, mutineer, mutinous, mutiny, mutual, mutuality, noncommutative, noncommutativity, nonmotile, nonmotility, nonmutual, pari- mutuel, permutable, permutate, permutation, permutational, permute, promote, promotion, promotional, promotive, promotor, promove, remote, remotion, removal, remove, subpermutation, transmove, transmutable, transmutate, transmutation, transmute, transmutual, trimotor"
"mulg-, muls-",milk,Latin,emulsion
multi-,"many, much",Latin,"multilingual, multiple, multiplex, multiplication, multiplicity, multiply, multitude, multitudinous"
mund-,world,Latin,"anima mundi, antemundane, demimondaine, demimonde, extramundane, intramundane, map, mondain, mondaine, mondial, mondo, mundane, mundanity, ultramundane"
mur-,wall,Latin,"antemural, immuration, immure, immurement, intramural, murage, mural"
mus-,mouse,Greek/Latin,musophobia
musc-,fly,Latin,"Musca, muscarine, Muscicapa, Muscicapidae, Muscidae, musciform, mosquito"
mut-,change,Latin,"immutable, mutation, permutation, transmute"
my-,mouse,Greek,"amyotrophic, electromyogram, electromyograph, electromyography, endomysium, epimysium, murine, musophobia, myoelectric, myomancy, myomorphous, myomorphy, myopathy, myositis, myotome, Nectomys, Oryzomys, perimysium, Sigmodontomys"
my-,shut (the eyes),Greek,"miosis, myopia, myopic, myosis, mystery"
mycet-,fungus,Greek,"ascomycete, basidiomycete, mycology, Mycoplasma, zygomycete, zygomycosis"
mydr-,dilate,Greek,mydriasis
myel-,marrow,Greek,"amyelia, myeloblast, myelocyte, myelogenous, myeloid, myelopoiesis, poliomyelitis"
myl-,mill,Greek,"amyloid, amyloidosis, amylolysis, amylopectin, amylophagia, amyloplast, amylose, amylum"
myo-,muscle,Greek,leiomyoma
myri-,"countless, ten thousand",Greek,"myriad, myriagon, myriagram, myriapod, myriapodology"
myrmec-,ant,Greek,"myrmecochory, myrmecoid, myrmecology, myrmecophobia, Myrmidons, myrmomancy"
mys-,uncleanness,Greek,"mysophilia, mysophobia"
myth-,story,Greek,"mythic, mythology, mythomania, mythopoeia, mythos"
myx-,slime,Greek,"match, myxedema, myxoedema, Myxini, myxogastrid"
myz-,suck,Greek,Myzopoda
nap-,turnip,Latin,"napiform, neep"
nar-,nostril,Latin,"internarial, nares, narial, naris, prenarial"
narc-,numb,Greek,"narcolepsy, narcosis, narcotic"
narr-,tell,Latin,"counternarrative, inenarrable, narration, narrative, narrator"
nas-,nose,Latin,"intranasal, nasal, nasalance, nasalis, nasality, nasolabial, nonnasal"
"nasc-, nat-",born,Latin,"adnascent, adnate, adnation, agnate, agnatic, agnation, binational, cognate, cognatic, cognation, connascence, connascent, connate, connation, connatural, denature, enascent, enate, enatic, enation, impregnate, innate, international, multinational, nada, naïf, naissant, naïve, nascency, nascent, natal, natality, nation, national, nationality, native, nativity, natural, naturality, nature, née, nonnative, postnatal, pregnancy, pregnant, prenatal, preternatural, renaissance, renaissant, renascence, renascent, renature, subnational, supernatural, supranational, transnational, transnationality"
naut-,ship,Greek,"aeronautic, Argonaut, astronaut, cosmonaut, nausea, nautical, nautilus"
nav-,ship,Latin,"antenave, naval, nave, navicular, navigable, navigate, navy, nonnavigable"
ne-,"spin, thread",Greek,"axoneme, diplonema, leptonema, nematocyst, nematocyte, nematode, nematology, pachynema, synnema, treponema, zygonema"
"ne-, neo-",new,Greek,"Neolithic, neologism, neon, neonate, neophyte"
"neb-, nub-",cloud,Latin,"nebula, nebular, nebulosity, nebulous, nuance, nubilous, obnubilate"
necr-,dead,Greek,"necromancy, Necronomicon, necrophilia, necrophobia, necropolis, necropsy, necrosis, necrospermia, necrotic, necrotize, necrotomy"
nect-,swimming,Greek,"nectopod, nekton"
"nect-, nex-","join, tie",Latin,"adnexum, annectent, annex, annexation, annexion, connect, connexion, deannexation, disconnect, interconnect, nexus, reconnect"
neg-,say no,Latin,"negative, renegade, renege"
"nem-, nom-","arrangement, law",Greek,"anomie, anomy, antinome, antinomic, antinomy, archnemesis, autonomy, isonomy, metronomic, nemesis, nomad, nomadic, nomadism, nomadize, nomarch, nomarchy, nome, nomology, nomothetic, Numidia, numismatics"
nemat-,hair,Greek,"nematocyst, nematocyte, nematode, nematology"
nemor-,"grove, woods",Latin,"nemoral, nemorous"
nephr-,kidney,Greek,"mesonephric, mesonephros, metanephridium, metanephros, nephridiopore, nephridium, nephrite, nephritis, nephrogenesis, nephrolith, nephrolithiasis, nephrologist, nephrology, nephron, nephroptosis, nephrostome, pronephros, protonephridium"
nerv-,"sinew, nerve",Latin,"enervate, enervation, enervative, innervate, innervation, nerval, nervate, nerve, nervose, nervosity, nervous, reinnervation, trinervate"
nes-,island,Greek,"Chersonesus, Indonesia, Melanesia, Micronesia, Peloponnese, Polynesia"
neur-,"nerve, sinew",Greek,"aponeurosis, endoneurium, epineurium, neural, neurapraxia, neurasthenia, neuritis, neuroblast, neuroblastoma, neurocranium, neurocyte, neuroendocrine, neuroendocrinology, neurologic, neurologist, neurology, neuromorphology, neuron, neurone, neuropathic, neuropathology, neuropathy, neuroplastic, neurosis, neurosurgeon, neurosurgery, neurotic, neuroticism, perineurium, polyneuropathy"
nict-,"beckon, wink",Latin,"nictate, nictation, nictitate, nictitation"
nigr-,black,Latin,"denigrate, denigration, denigrative, denigrator, negrita, negrito, negritude, nigrescence, nigrescent, nigrine, nigrities, nigritude"
nihil-,nothing,Latin,"annihilate, annihilation, annihilator, nihil, nil"
niv-,snow,Latin,"Nevada, névé, nival, nivation, niveus, subnival, subnivean"
noc-,"hurt, harm",Latin,"innocence, innocent, innocuity, innocuous, innoxious, nocebo, nocent, nociception, nociceptive, nocifensor, nocument, nocuous, noxious, nuisance, obnoxious"
noct-,night,Latin,"equinoctial, equinox, noctambulous, noctiluca, noctilucent, noctule, nocturn, nocturnal, nocturnality, nocturne, notturno, seminocturnal, trinoctial"
nod-,knot,Latin,"acnode, binodal, crunode, denouement, extranodal, internodal, internode, intranodal, multinodal, nodal, node, nodose, nodosity, nodular, nodulation, nodule, nodulose, nodulus, nodus, supernode, tacnode, trinodal, uninodal"
nom-,"arrangement, law, order",Greek,"agronomy, antinomy, astronomy, autonomous, autonomy, bionomics, economics, economy, gastronomy, metronome, numismatic, polynomial, taxonomy"
nomad-,those who let pasture herds,Greek,"nomad, nomadic, nomadism, nomadize"
"nomen-, nomin-",name,Latin,"agnomen, agnominal, agnomination, binomen, binominal, denomination, denominational, denominative, denominator, ignominious, ignominy, innominate, innomine, interdenominational, multidenominational, multinominal, nomenclator, nomenclature, nominal, nominate, nomination, nominative, nominator, nominee, nondenominational, noun, postnominal, praenomen, prenominal, pronominal, pronoun, redenomination, renominate, renown, surnominal, trinomen, trinominal"
non-,not,Latin,"none, nonexistent, non-fiction, noninvasive"
non-,ninth,Latin,"nonary, None, nonet, noon"
nonagen-,ninety each,Latin,"nonagenarian, nonagenary"
nonagesim-,ninetieth,Latin,nonagesimal
norm-,carpenter's square,Latin,"abnormal, abnormality, binormal, circumnormal, denormal, enormity, enormous, nonnormal, nonnormative, norm, normable, normal, normality, normative, quasinorm, seminorm, seminormable, seminormal, subnormal"
not-,south,Greek,"Notogaea, Notomys, Nototherium"
not-,back,Greek,notochord
not-,"letter, mark, note",Latin,"annotate, annotation, annotator, connotation, connotational, connotative, connote, denotation, denotational, denotative, denotatum, denote, nondenotative, nonnotable, nonnotational, notability, notable, notarial, notariat, notary, notate, notation, notational"
noth-,spurious,Greek,nothogenus
"nov-, nome-, non-, novem-",nine,Latin,"November, novennial, Nonillion, Nomedecillion"
nov-,new,Latin,"innovate, innovation, innovational, innovative, innovator, innovatory, nova, novation, novel, novella, novelty, novice, novitiate, renovatable, renovate, renovation, renovative, renovator, supernova"
noven-,nine each,Latin,"Novena, novenary"
novendec-,nineteen,Latin,novemdecillion
nox-,harm,Latin,"noxious, obnoxious"
nu-,nod,Latin,"circumnutate, circumnutation, counternutation, innuendo, innuent, numen, numinous, nutant, nutation"
"nub-, nupt-","to marry, to wed",Latin,"connubial, connubiality, nubile, nuptial, postnuptial, prenuptial"
nuc-,nut,Latin,"enucleate, enucleation, extranuclear, internuclear, intranuclear, multinucleate, nougat, nucament, nucellar, nucellus, nucifer, nuciferine, nuciferous, nuciform, Nucifraga, nucivorous, nuclear, nucleate, nucleation, nucleolar, nucleolate, nucleolus, nucleus, pronuclear, pronucleus, supranuclear"
nuch-,back of neck,Latin,nuchal cord
nud-,naked,Latin,"denudation, denude, nonnude, nude, nudist, nudity, seminude, seminudity"
null-,none,Latin,nullify
numer-,number,Latin,"denumerable, enumerable, enumerate, enumeration, enumerative, enumerator, equinumerant, equinumerous, innumerable, innumeracy, innumerate, innumerous, nonenumerative, numerable, numeracy, numéraire, numeral, numerary, numerate, numeration, numerative, numerator, numerical, numero, numerosity, numerous, renumerate, supernumerary"
nunci-,announce,Latin,"announce, announcement, annunciation, denounce, denouncement, denunciation, enounce, enouncement, enunciable, enunciate, enunciation, enunciative, internuncial, internuncio, nunciature, nuncio, obnounce, pronounce, pronouncement, pronunciation, pronuntiatio, renounce, renouncement, renunciation"
nutri-,nourish,Latin,"innutrition, malnourish, malnourishment, malnutrition, nonnutritional, nourish, nourishment, nurse, nurturance, nurture, nutrient, nutriment, nutrition, nutritional, nutritious"
nyct-,night,Greek,"nyctalgia, nyctanthous, nyctinasty, nyctophilia, nyctophobia"
nyst-,nod,Greek,"electronystagmography, nystagmic, nystagmus"
"ob-, o-, oc-, of-, og-, op-, os-",against,Latin,"obduracy, obdurate, obduration, obfuscate, oblique, obliquity, obstinate, obstreperous, occur, offend, omit, oppose, ostensible, ostentatious"
obel-,"spit, nail",Greek,"metobelus, obelisk, obelism, obelus"
obol-,nail,Greek,"obol, obolus"
ocean-,"river, stream",Greek,"Oceania, oceanic"
ochl-,"crowd, mob",Greek,"enochlophobia, ochlocracy, ochlophobia"
oct-,eight,Greek,"hemi-octahedron, octad, octadic, octagon, octahedron, octameter, octode"
oct-,eight,Latin,"octangular, octennial, octovir"
octav-,eighth,Latin,octaval
octogen-,eighty each,Latin,"octogenarian, octogenary"
octogesim-,eightieth,Latin,octogesimal
octon-,eight each,Latin,octonary
ocul-,eye,Latin,"ocular, oculus, ullage"
od-,"path, way",Greek,"anode, diode, odometer, parodos, pentode, tetrode, triode"
odi-,hate,Latin,odious
odont-,tooth,Greek,"anodontia, conodont, cynodont, dicynodont, dysodontiasis, macrodontia, mastodon, odontoid, odontology, odontophore, orthodontics, orthodontist, pedodontics, periodontal, smilodon, Thrinaxodon, Zanclodon"
odor-,fragrant,Latin,"malodorous, odoriferous, odorous"
odyn-,pain,Greek,"allodynia, anodyne, glossodynia, mastodynia, pleurodynia"
oec-,house,Greek,"andromonecy, archdiocese, autoecious, autoecism, dioecious, dioecy, ecesis, ecologist, ecology, economics, economist, economize, economy, ecoregion, ecosystem, ecumenic, ecumenism, gynomonoecy, heteroecious, heteroecism, heteroecy, homoecious, monoecious, monoecy, oecology, oeconomus,"
"oed-, ed-","swell, swollen",Greek,"angioedema, edema, edematous, oedema, oedematous"
oen-,wine,Greek,"enology, oenochoe, oenologist, oenology, oenophile, oenophilia, oinochoe"
oesophag-,gullet,Greek,"oesophagectomy, oesophagitis, oesophagus"
oestr-,"gadfly, sting",Greek,"anestrous, anestrus, anoestrus, estrogen, estrogenic, estrus, oestrone, oestrus"
ogdo-,eighth,Greek,ogdoad
-oid,like,Greek,"asteroid, mucoid, organoid"
ole-,oil,Latin,oleosity
olecran-,skull of elbow,Latin from Greek,olecranon
olig-,few,Greek,"oligarchy, Oligocene, oligopoly, oligosaccharide, oligotrophic"
oliv-,olive,Latin,"olivaceous, olivary, olivette"
om-,raw,Greek,"omophagia, Omophagus"
om-,shoulder,Greek,"acromion, omohyoid, omophorion"
-oma,"morbid growth, tumor",Greek,melanoma
omas-,paunch,Latin,"abomasum, omasum"
ombr-,rain,Greek,"ombrogenous, ombrology, ombrometer, Ombrophila, ombrophilous, ombrophobe, ombrotrophic"
oment-,fat skin,Latin,omental
omin-,creepy,Latin,"abominable, ominous"
ommat-,eye,Greek,"ommatidium, ommatophore"
omni-,all,Latin,"omnipotence, omnipresent, omniscient, omnivore"
omphal-,navel,Greek,"omphalectomy, omphalic, omphalopagus, omphalophobia, paromphalocele"
on-,ass,Greek,"Oniscidea, Oniscomorpha"
onc-,"barb, hook",Greek,"Oncinocalyx, Oncorhynchus"
onc- (ΕΓΚ),bulk,Greek,"oncocyte, oncocytoma, oncogenesis, oncologist, oncology"
oneir-,dream,Greek,"oneiric, oneirism, oneirocritic, Oneirocritica, Oneirodidae, oneirogen, oneirogenic, Oneiroi, oneiroid, oneirology, oneiromancy, oneironaut, oneironautics, oneirophobia, oneirophrenia, oneiroscopy"
oner-,"burden, load",Latin,"exonerate, exoneration, onerous, onus"
oni-,price,Greek,"oniochalasia, oniomania, oniomaniac"
onomat-,name,Greek,"antonomasia, onomasiology, onomastic, onomasticon, onomastics, onomasty, onomatology, onomatophore, onomatopoeia"
ont-,"being, existence",Greek,"dysontogenesis, homoiousia, homoousia, monoousious, ontogenesis, ontogenetic, ontogeny, ontology, ousia, parousia"
onych-,claw,Greek,"hapalonychia, Mesonychia, onychectomy, onycholysis, onychomancy, onychomycosis, onychophagia, onychophagy, onychorrhexis, onyx, paronychia, sardonyx"
onym-,name,Greek,"acronym, allonym, anonymous, antonym, autonym, caconym, cryptonym, eponym, eponymous, eponymy, euonym, homonym, hyperonym, hyponym, hyponymy, meronym, meronymy, metonym, metonymy, metronymic, paronym, paronymous, pseudonym, pseudonymous, synonym, synonymous, synonymy, tautonym, tautonymous, tautonymy, troponym, troponymy, xenonym, xenonymy"
oo-,egg,Greek,"bottarga, dioon, epoophoron, oidioid, oidium, ooblast, oocyst, oocyte, oocytogenesis, oogamete, oogamous, oogamy, oogenesis, oogonium, ooid, oolite, oolith, oology, oomancy, oophagy, oophorectomy, oophoron, ootheca, ootid, ootidogenesis, paroophoron"
op-,hole,Greek,"metope, opaion"
opac-,shady,Latin,"opacity, opacus, opaque"
oper-,work,Latin,"cooperate, inoperable, opera, operate, opus"
oper-,cover,Latin,"interoperculum, kerchief, opercular, operculiform, operculum"
ophi-,snake,Greek,"Brachyurophis, ophicephalous, Ophicephalus, Ophiceras, Ophiclinus, ophidiophobia, ophiolite, ophiologist, ophiology, ophiophagous, Ophiophagus, ophiophagy, ophiophobia, Ophisaurus, Ophisops, ophitic"
ophthalm-,eye,Greek,"exophthalmic, exophthalmos, microphthalmia, ophthalmia, ophthalmic, ophthalmologic, ophthalmologist, ophthalmology, ophthalmoparesis, ophthalmoplegia, parophthalmia, xerophthalmia"
opisth-,behind,Greek,"anopisthograph, opisthion, opisthobranch, opisthodomos, opisthoglyphous, opisthognathous, opisthograph, opisthokont, opisthosoma, opsimath, opsimathy"
"ops-, opt- (ΟΠ)",eye,Greek,"amblyopia, anopia, autopsy, biopsy, catadioptrics, catoptrics, catoptromancy, catoptrophobia, cyclops, diopter, dioptre, dioptrics, diplopia, eisoptrophobia, emmetropia, hemianopsia, myopia, opsoclonus, optic, optokinetic, panopticon, pleoptics, synopsis, synoptic, tritanopia"
opsi-,late,Greek,opsimath
opson-,"cook, prepare for eating",Greek,"opsonin, opsonoid"
opt-,choose,Latin,"adopt, adoptee, adoption, adoptive, co- option, coopt, cooptation, nonoptional, opt, optation, optative, option, optional, optionality"
optim-,best,Latin,"optimal, optimum"
"or-, oro-",mountain,Greek,"Oread, orogenesis, orogenic, orogeny, orographic, orography, oronym"
or-,mouth,Latin,"adosculation, inosculate, inosculation, interosculate, intraoral, oral, orifice, osculant, osculum, peroral"
ora-,"pray, plead",Latin,"adore, adoration, exorable, inexorable, oracle, orate, oration, orator, oratorio, oratory, orison, perorate, peroration, perorator"
orb-,circle,Latin,orbit
orch-,testicle,Greek,"anorchia, cryptorchidism, monorchism, orchid, orchiectomy, orchiopexy, Orchis, polyorchidism"
orches-,dance,Greek,orchestra
ordin-,order,Latin,"coordinal, coordinate, coordination, coordinator, disorder, extraordinaire, extraordinary, grandorder, incoordinate, incoordination, infraorder, inordinate, inordination, insubordinate, insubordination, magnorder, mirorder, ordain, ordainment, order, ordinal, ordinance, ordinand, ordinariate, ordinary, ordinate, ordination, ordinative, ordnance, ornery, parvorder, preordain, preorder, preordination, quasiorder, reordain, reorder, reordination, suborder, subordinary, subordinate, subordination, superordain, superorder, superordinate, superordination"
oreg-,reach,Greek,"anorectic, anorexia, dysorexia, orectic, orexin, parorexia"
org-,work,Greek,orgasm
organ-,"organ, instrument, tool",Greek,"organic, organism, organogenesis"
"ori-, ort-",rise,Latin,"aboriginal, abort, abortifacient, abortion, abortive, disorient, disorientation, orient, oriental, Orientalia, orientate, orientation, orientational, orientative, origin, original, originality, originate, origination, originator, reorient, reorientation"
orn-,decorate,Latin,"adorn, adornment, ornament, ornamental, ornamentation, ornate, ornative, ornature, suborn, subornation"
ornith-,bird,Greek,"Avernus, ornithology, ornithomancy, ornithorhynchus, ornithosis"
orphan-,,Greek,orphan
orth-,straight,Greek,"orthocenter, orthocentric, orthodontia, orthodontic, orthodontist, orthodox, orthodoxy, orthographic, ortholog, orthologous, orthonym, orthopedic, orthoscope, orthosis, orthostat, orthostyle, orthotic"
oryz-,rice,Greek,"Oryza, Oryzomys, rice, risotto"
oscill-,swing,Latin,"oscillate, oscillation, oscillator, oscillatory"
osm-,odor,Greek,"anosmia, anosmic, cacosmia, coprosmia, dysosmia, dysosmic, euosmia, hyperosmia, hyperosmic, hyposmia, hyposmic, osmium, osmolagnia, osmophobia, osphresiolagnia, parosmia, phantosmia, troposmia"
osm-,"push, thrust",Greek,"osmometry, osmosis, osmostat, osmotic"
oss-,bone,Latin,"exossation, interosseous, ossature, osselet, osseocartilaginous, osseointegration, osseous, ossicle, ossicular, ossiferous, ossification, ossifrage, ossify, ossuary"
oste-,bone,Greek,"dysostosis, endosteum, exostosis, hyperostosis, monostotic, Osteichthyes, osteoarthritis, osteoblast, osteochondritis, osteochondrosis, osteoclast, osteogenic, osteogenesis, osteoid, osteology, osteolysis, osteoma, osteomalacia, osteonecrosis, osteopathy, osteopenia, osteoporosis, osteosarcoma, osteosis, osteothrombosis, osteotome, osteotomy, periosteum, synostosis"
osti-,entrance,Latin,"ostiary, ostiolar, ostiole, ostium"
ostrac-,shell,Greek,"Entomostraca, Leptostraca, Malacostraca, ostracism, ostracize, ostracod, ostracoderm, ostracon, periostracum"
ostre-,oyster,Greek,"ostreophagist, oyster"
ot-,ear,Greek,"anotia, Aotus, microtia, Myosotis, otalgia, otic, otitis, otocephaly, otocleisis, otoconium, otocyst, otodynia, otolith, otology, otopathy, otophyma, otoplasty, otorhinology, otorrhea, otosclerosis, otoscope, otoscopy, ototomy, parotic, parotid, periotic, synotia"
ov-,egg,Latin,"obovate, oval, ovarian, ovariole, ovary, ovate, ovicapsule, ovicidal, ovicide, oviduct, oviferous, oviform, oviposition, ovipositor, ovolo, ovular, ovulation, ovulatory, ovule, ovum, pluriovulate"
ovi-,sheep,Latin,"ovile, ovine"
oxy-,"sharp, pointed",Greek,"anoxia, anoxic, dioxide, hypoxia, monoxide, oxide, oxyanion, oxygen, oxyhalide, oxymoron, oxyntic, oxytone, paroxysm, pentoxide, polyoxide, tetraoxygen, tetroxide, trioxide"
oz-,smell,Greek,"ozocerite, ozone, ozopore"
